ticker,Total Revenue,Gross Profit,EBIT,Net Income,Interest Expense,Selling General And Administration,Depreciation,Total Assets,Current Assets,Current Liabilities,Retained Earnings,Stockholders Equity,Total Liabilities,Accounts Receivable,Inventory,Net PPE,Long Term Debt,Total Debt,Ordinary Shares Number,Operating Cash Flow
ABBOTINDIA.NS,complete,complete,complete,complete,complete,complete,complete,complete,complete,complete,complete,complete,complete,complete,complete,complete,missing,complete,complete,complete
AJANTPHARM.NS,complete,complete,complete,complete,complete,complete,complete,complete,complete,complete,complete,complete,complete,complete,complete,complete,partial,complete,complete,complete
ALKEM.NS,complete,complete,complete,complete,complete,complete,complete,complete,complete,complete,complete,complete,complete,complete,complete,complete,complete,complete,complete,complete
AUROPHARMA.NS,complete,complete,complete,complete,complete,partial,complete,complete,complete,complete,complete,complete,complete,complete,complete,complete,complete,complete,complete,complete
BIOCON.NS,complete,complete,complete,complete,complete,complete,complete,complete,complete,complete,complete,complete,complete,complete,complete,complete,complete,complete,complete,complete
CIPLA.NS,complete,complete,complete,complete,complete,complete,complete,complete,complete,complete,complete,complete,complete,complete,complete,complete,complete,complete,complete,complete
DIVISLAB.NS,complete,complete,complete,complete,complete,complete,complete,complete,complete,complete,complete,complete,complete,complete,complete,complete,missing,complete,complete,complete
DRREDDY.NS,complete,complete,complete,complete,complete,complete,partial,complete,complete,complete,complete,complete,complete,complete,complete,complete,complete,complete,complete,complete
GLAND.NS,complete,complete,complete,complete,complete,complete,complete,complete,complete,complete,complete,complete,complete,complete,complete,complete,complete,complete,complete,complete
GLENMARK.NS,complete,complete,complete,complete,complete,complete,complete,complete,complete,complete,complete,complete,complete,complete,complete,complete,complete,complete,complete,complete
IPCALAB.NS,complete,complete,complete,complete,complete,complete,complete,complete,complete,complete,complete,complete,complete,complete,complete,complete,complete,complete,complete,complete
LAURUSLABS.NS,complete,complete,complete,complete,complete,complete,complete,complete,complete,complete,complete,complete,complete,complete,complete,complete,complete,complete,complete,complete
LUPIN.NS,complete,complete,complete,complete,complete,complete,complete,complete,complete,complete,complete,complete,complete,complete,complete,complete,complete,complete,complete,complete
MANKIND.NS,complete,complete,complete,complete,complete,complete,complete,complete,complete,complete,complete,complete,complete,complete,complete,complete,complete,complete,complete,complete
PPLPHARMA.NS,complete,complete,complete,complete,complete,complete,complete,complete,complete,complete,complete,complete,complete,complete,complete,complete,complete,complete,complete,complete
SAILIFE.NS,complete,complete,complete,complete,complete,complete,complete,complete,complete,complete,complete,complete,complete,complete,complete,complete,complete,complete,complete,complete
SUNPHARMA.NS,complete,complete,complete,complete,complete,complete,complete,complete,complete,complete,complete,complete,complete,complete,complete,complete,complete,complete,complete,complete
TORNTPHARM.NS,complete,complete,complete,complete,complete,complete,complete,complete,complete,complete,partial,complete,complete,complete,complete,complete,complete,complete,complete,complete
WOCKPHARMA.NS,complete,complete,complete,complete,complete,complete,complete,complete,complete,complete,complete,complete,complete,complete,complete,complete,complete,complete,complete,complete
ZYDUSLIFE.NS,complete,complete,complete,complete,complete,complete,complete,complete,complete,complete,complete,complete,complete,complete,complete,complete,complete,complete,complete,complete
