ticker,company_name,altman_z,altman_zone,piotroski_f,piotroski_band,beneish_m,beneish_zone,f1_receivables_outpacing_sales,f2_weak_cash_conversion,f3_inventory_buildup,f4_debt_stress,f5_low_interest_cover,risk_score,risk_band,reasons,score_notes,analyst_note
PPLPHARMA.NS,Piramal Pharma Ltd.,1.949170079629178,Grey,3,Weak,-3.1418291702678323,Unlikely,0,0,1,1,1,5,High,"Altman Grey (+1); Piotroski F 3 (+1); inventory days up 76 vs sector median 13 (+1); borrowings up and interest cover down, debt above 10% of equity (+1); interest cover 0.48x, below 1.5 (+1)",,"Only company both financially weak (Altman Grey) and weakening (F=3). Debt has been roughly flat at ~5,000-5,700 cr for four years; the problem is EBIT covering less than half of interest. Genuine financial stress."
ZYDUSLIFE.NS,Zydus Lifesciences Ltd.,4.440155976006536,Safe,4,Average,-2.0571438300042426,Watch,1,1,1,1,0,5,High,"Beneish Watch (+1); receivables grew 33% vs sales 18% (+1); operating cash flow below net income in 2 of 3 years (+1); inventory days up 52 vs sector median 13 (+1); borrowings up and interest cover down, debt above 10% of equity (+1)",,"FY2026 acquisitions: 85.6% of Amplitude Surgical (France, EUR 256.8m, completed Jul 2025) and Agenus' biologics manufacturing facilities (USA, completed Jan 2026, value undisclosed). Borrowings 3,213 -> 12,496 cr and fixed assets (incl. goodwill) 13,134 -> 24,106 cr (Screener.in); the identified deals may not explain the full increase (check FY2026 annual report). Receivables and inventory flags are partly consolidation artifacts; the leverage increase (borrowings ~13% -> ~46% of equity) is real and worth monitoring."
TORNTPHARM.NS,Torrent Pharmaceuticals Ltd.,1.393992358112668,Grey,6,Average,-1.784497385628473,Watch,1,0,0,1,0,4,High,"Altman Grey (+1); Beneish Watch (+1); receivables grew 62% vs sales 22% (+1); borrowings up and interest cover down, debt above 10% of equity (+1)",,"FY2026 acquisition of a 46.39% stake in JB Chemicals & Pharmaceuticals (completed Jan 2026), partly bond-funded: borrowings 3,202 -> 15,026 cr. Drives Altman Grey, AQI and DSRI; likely acquisition artifact."
BIOCON.NS,Biocon Ltd.,2.508398337631933,Grey,7,Average,-2.4692280738388663,Unlikely,0,0,1,0,1,3,Watch,"Altman Grey (+1); inventory days up 44 vs sector median 13 (+1); interest cover 1.46x, below 1.5 (+1)",,
ALKEM.NS,Alkem Laboratories Ltd.,7.341745272140077,Safe,4,Average,-2.1902144622028303,Watch,0,1,0,1,0,3,Watch,"Beneish Watch (+1); operating cash flow below net income in 2 of 3 years (+1); borrowings up and interest cover down, debt above 10% of equity (+1)",,
ABBOTINDIA.NS,Abbott India Ltd.,9.200008636135376,Safe,5,Average,-1.6578379716482496,Likely,0,1,0,0,0,3,Watch,Beneish Likely (+2); operating cash flow below net income in 2 of 3 years (+1),,"Beneish flag driven mainly by AQI: current and non-current assets moved in opposite directions while their total grew steadily, consistent with deposits being reclassified by maturity. Hypothesis, to be verified in the annual report; possible false positive."
AJANTPHARM.NS,Ajanta Pharmaceuticals Ltd.,9.233277177844824,Safe,6,Average,-1.7962043420622735,Watch,1,1,0,0,0,3,Watch,Beneish Watch (+1); receivables grew 57% vs sales 18% (+1); operating cash flow below net income in 2 of 3 years (+1),,Receivable days 94 -> 125 and CFO/EBIT 96% -> 38% (project data; Screener.in confirms receivables +57% vs sales +17%); borrowings 47 -> 260 cr. Genuine working-capital deterioration to monitor.
DRREDDY.NS,Dr. Reddy's Laboratories Ltd.,6.17238934288253,Safe,4,Average,-2.515192401025082,Unlikely,0,1,0,1,0,2,Watch,"operating cash flow below net income in 2 of 3 years (+1); borrowings up and interest cover down, debt above 10% of equity (+1)",,
DIVISLAB.NS,Divi's Laboratories Ltd.,11.988566454744536,Safe,7,Average,-2.5182758353316435,Unlikely,0,1,1,0,0,2,Watch,operating cash flow below net income in 2 of 3 years (+1); inventory days up 32 vs sector median 13 (+1),,
WOCKPHARMA.NS,Wockhardt Ltd.,2.89746034542366,Safe,8,Strong,-2.646750123312709,Unlikely,0,0,1,0,0,1,Low,inventory days up 47 vs sector median 13 (+1),,
LAURUSLABS.NS,Laurus Labs Ltd.,4.072735634517685,Safe,9,Strong,-2.681448231718925,Unlikely,0,0,1,0,0,1,Low,inventory days up 31 vs sector median 13 (+1),,
GLENMARK.NS,Glenmark Pharmaceuticals Ltd.,5.155603083735258,Safe,9,Strong,-2.458607000755772,Unlikely,1,0,0,0,0,1,Low,receivables grew 49% vs sales 27% (+1),,
AUROPHARMA.NS,Aurobindo Pharma Ltd.,6.068836144271955,Safe,6,Average,-2.4404713932663524,Unlikely,1,0,0,0,0,1,Low,receivables grew 23% vs sales 6% (+1),sgai neutral (1.0),
GLAND.NS,Gland Pharma Ltd.,11.012859217495048,Safe,9,Strong,-2.2406369554632146,Unlikely,1,0,0,0,0,1,Low,receivables grew 25% vs sales 15% (+1),,
MANKIND.NS,Mankind Pharma Ltd.,3.90282152825776,Safe,6,Average,-2.5246891335432693,Unlikely,0,0,0,0,0,0,Low,No flags,,
SAILIFE.NS,Sai Life Sciences Ltd.,5.229286627934069,Safe,5,Average,-2.381763575337437,Unlikely,0,0,0,0,0,0,Low,No flags,,
LUPIN.NS,Lupin Ltd.,6.305463250925468,Safe,9,Strong,-2.6235382194822856,Unlikely,0,0,0,0,0,0,Low,No flags,,
IPCALAB.NS,Ipca Laboratories Ltd.,7.7754811552647585,Safe,9,Strong,-2.37852942736081,Unlikely,0,0,0,0,0,0,Low,No flags,,
SUNPHARMA.NS,Sun Pharmaceutical Industries Ltd.,9.045136596187008,Safe,6,Average,-2.392519657725992,Unlikely,0,0,0,0,0,0,Low,No flags,,
CIPLA.NS,Cipla Ltd.,10.175977473527604,Safe,4,Average,-2.399925549928421,Unlikely,0,0,0,0,0,0,Low,No flags,,
