ticker,fiscal_year,revenue,cost_of_revenue,gross_profit,ebit,net_income,interest_expense,sga,depreciation,total_assets,current_assets,current_liabilities,retained_earnings,total_equity,total_liabilities,receivables,inventory,net_ppe,long_term_debt,total_debt,shares_outstanding,operating_cash_flow,dividends_paid,total_equity_incl_mi,data_notes
ABBOTINDIA.NS,2023,5346.73,2983.97,2362.76,1289.81,949.41,15.99,349.64,69.97,4555.51,3025.11,1206.02,2428.51,3188.54,1366.97,318.8,648.85,233.91,113.17,113.17,21249302.0,893.39,-584.36,3188.54,long_term_debt set to total_debt
ABBOTINDIA.NS,2024,5847.19,3232.35,2614.84,1630.2,1201.22,12.45,337.16,71.17,5193.49,3245.84,1342.72,2819.01,3698.89,1494.6,319.11,619.58,228.62,83.23,83.23,21249302.0,1212.81,-690.6,3698.89,long_term_debt set to total_debt
ABBOTINDIA.NS,2025,6406.97,3511.04,2895.93,1898.38,1414.44,11.43,341.4,71.8,5917.31,4763.39,1407.19,3220.78,4233.15,1684.16,380.23,882.04,350.54,196.67,196.67,21249302.0,1011.84,-871.22,4233.15,long_term_debt set to total_debt
ABBOTINDIA.NS,2026,6926.9,3705.65,3221.25,2104.26,1552.02,24.99,363.42,75.96,6501.93,3770.69,1476.57,3608.26,4774.19,1727.74,361.73,947.26,333.36,171.99,171.99,21249302.0,1319.24,-1009.34,4774.19,long_term_debt set to total_debt
AJANTPHARM.NS,2022,,,,,,,,,,,,,,,,,,,,,,,,long_term_debt set to total_debt (replaced Yahoo value of 1.64 crore)
AJANTPHARM.NS,2023,3707.52,1116.73,2590.79,751.09,587.98,5.84,342.68,130.8,4679.02,2834.0,1139.28,3141.27,3387.99,1291.03,1056.9,815.63,1698.16,35.63,35.63,126681155.0,792.11,-89.69,3387.99,long_term_debt set to total_debt (replaced Yahoo value of 1.25 crore)
AJANTPHARM.NS,2024,4161.59,1115.32,3046.27,1121.14,816.17,7.21,382.66,135.4,4638.39,2730.92,895.25,3314.35,3567.37,1071.02,1246.84,828.36,1728.86,35.28,35.28,125915655.0,785.07,-642.17,3567.37,long_term_debt set to total_debt (replaced Yahoo value of 0.00 crore)
AJANTPHARM.NS,2025,4587.51,1127.15,3460.36,1209.89,920.39,20.73,459.12,144.11,5014.95,2843.03,996.1,3671.88,3790.29,1224.66,1182.74,903.85,1900.45,47.42,47.42,124912099.0,1157.23,-349.37,3790.29,long_term_debt set to total_debt
AJANTPHARM.NS,2026,5407.26,1247.7,4159.56,1393.76,1056.0,16.11,601.46,173.14,6154.84,3735.43,1415.75,4378.06,4527.09,1627.75,1853.88,938.54,2120.51,260.17,260.17,124935624.0,529.19,-349.72,4527.09,long_term_debt set to total_debt
ALKEM.NS,2023,11440.35,4982.32,6458.03,1398.52,984.17,93.75,1614.22,310.42,13756.65,8729.68,3707.14,7051.97,9045.29,4321.65,2132.18,2607.53,2513.55,0.0,1396.68,119565000.0,1682.5,-529.52,9435.0,
ALKEM.NS,2024,12439.24,5031.77,7407.47,2118.84,1795.77,95.71,1584.77,299.3,15574.9,10411.58,3994.55,8309.7,10312.06,4860.5,2252.81,2661.18,2595.51,40.0,1418.41,119565000.0,1948.07,-540.49,10714.4,
ALKEM.NS,2025,12804.62,4857.55,7947.07,2614.27,2165.48,87.24,1610.11,357.16,17691.1,10945.82,3966.96,9973.01,11984.87,5257.47,2466.25,2922.41,2931.87,310.91,1380.9,119565000.0,1912.84,-504.62,12433.63,
ALKEM.NS,2026,14532.34,5199.34,9333.0,2986.86,2301.8,115.97,1970.26,382.06,20872.97,12210.52,4782.7,11662.3,13820.1,6524.04,2979.11,3333.22,3345.63,492.45,2047.16,119565000.0,1963.03,-613.7,14348.93,
AUROPHARMA.NS,2022,,,,,,,2177.02,,,,,,,,,,,,,,,,,
AUROPHARMA.NS,2023,24617.13,11899.7,12717.43,2741.45,1927.5,128.95,2348.17,1244.58,39889.99,21545.67,11493.78,24013.03,26839.85,13038.14,4466.38,8511.23,12803.6,618.96,5286.21,585938609.0,2386.75,-439.53,26851.85,
AUROPHARMA.NS,2024,28704.5,13236.21,15468.29,4648.08,3172.97,268.09,2502.41,1491.91,45071.51,24205.63,12199.13,26801.42,29842.8,15220.71,4816.74,9808.23,14411.69,2134.9,6647.63,585938609.0,2434.52,-263.64,29850.8,
AUROPHARMA.NS,2025,31378.13,13741.52,17636.61,5506.68,3485.88,440.39,,1591.2,49784.97,27162.46,14682.34,30221.65,32653.32,17138.04,5745.93,10543.72,15633.98,1561.65,8262.87,580801623.0,3924.62,-1.04,32646.93,
AUROPHARMA.NS,2026,33384.74,14324.93,19059.81,5464.16,3504.75,352.31,3224.79,1760.65,58502.15,32708.75,18039.01,33498.77,37890.97,20619.34,7094.37,12052.94,17608.97,802.75,8072.84,580801623.0,5526.37,-232.4,37882.81,
BIOCON.NS,2023,10934.1,3666.8,7267.3,1316.1,462.7,419.0,486.7,1113.1,52042.8,12334.0,8510.7,16085.9,17866.9,29554.0,3573.2,4243.7,10122.6,15290.5,18018.8,1193987732.0,1852.5,-71.8,22488.8,
BIOCON.NS,2024,14195.8,4906.6,9289.2,2499.6,1022.5,974.4,886.0,1568.8,56070.7,15179.2,15358.8,17602.8,19783.7,30795.9,6230.6,4943.9,12208.2,12932.4,16276.7,1196804982.0,2953.9,-203.0,25274.8,
BIOCON.NS,2025,15052.2,5198.0,9854.2,2774.3,1013.3,887.7,1272.0,1687.0,58797.3,16286.2,14333.8,18959.1,21644.0,31084.8,5487.9,4931.1,13607.8,12405.4,18362.0,1198063078.0,4061.2,-82.9,27712.5,
BIOCON.NS,2026,16779.9,5694.8,11085.1,1412.7,385.6,964.8,1373.2,1956.7,63650.6,17179.8,14069.2,13992.0,34031.8,27029.1,5986.8,6085.7,14734.1,10746.3,15434.1,1619507375.0,1994.0,-90.8,36621.5,
CIPLA.NS,2023,22473.18,8960.63,13512.55,4132.91,2801.91,94.56,2622.44,1019.19,29463.28,17274.95,5109.67,18057.03,23407.78,5749.74,4057.0,5156.43,5882.62,0.0,803.12,807150593.0,3237.65,-403.5,23713.54,
CIPLA.NS,2024,25446.63,9592.38,15854.25,5773.03,4121.55,71.13,2783.96,941.61,32717.82,19441.41,5245.77,21438.78,26706.43,5915.49,4770.66,5237.95,6171.11,0.0,559.41,807367062.0,4133.91,-686.17,26802.33,
CIPLA.NS,2025,27145.4,9762.74,17382.66,6864.83,5272.52,44.02,2955.02,995.45,37387.04,23288.52,5483.96,25644.28,31193.45,6097.79,5506.37,5642.11,6705.45,11.98,438.19,807617120.0,5004.98,-1049.83,31289.25,
CIPLA.NS,2026,27711.69,10452.09,17259.6,5271.86,3879.23,48.23,3086.23,1083.62,42495.98,24147.03,7013.59,28216.0,34431.95,7975.74,5620.05,6596.72,7982.77,117.47,613.77,807782631.0,3940.02,-1292.4,34520.24,
DIVISLAB.NS,2023,7665.0,3178.0,4487.0,2369.0,1824.0,0.0,240.0,343.0,14439.0,9312.0,1101.0,10959.0,12767.0,1672.0,1793.0,3000.0,4948.0,4.0,4.0,265468580.0,2459.0,-796.0,12767.0,long_term_debt set to total_debt
DIVISLAB.NS,2024,7796.0,3269.0,4527.0,2166.0,1600.0,3.0,215.0,378.0,15470.0,9675.0,1278.0,11786.0,13571.0,1899.0,2156.0,3184.0,5632.0,3.0,3.0,265468580.0,1261.0,-796.0,13571.0,long_term_debt set to total_debt
DIVISLAB.NS,2025,9325.0,3870.0,5455.0,2918.0,2191.0,2.0,279.0,402.0,16932.0,10081.0,1452.0,13400.0,14969.0,1963.0,2731.0,3236.0,6698.0,4.0,4.0,265468580.0,1653.0,-796.0,14969.0,long_term_debt set to total_debt
DIVISLAB.NS,2026,10476.0,4281.0,6195.0,3411.0,2568.0,23.0,316.0,463.0,20033.0,11096.0,2043.0,15370.0,16761.0,3272.0,2984.0,3954.0,8769.0,7.0,7.0,265468580.0,2738.0,-797.0,16761.0,long_term_debt set to total_debt
DRREDDY.NS,2022,,,,,,,,,,,,,,,,,,380.0,,,,,,
DRREDDY.NS,2023,24587.9,10653.6,13934.3,6179.5,4506.7,142.8,6802.6,,32185.4,20425.3,8584.5,21559.3,23099.1,9086.3,7248.5,4867.0,6646.2,,1347.2,830783660.0,5887.5,-497.9,23099.1,
DRREDDY.NS,2024,27916.4,11555.7,16360.7,7358.1,5568.4,171.1,7720.1,1470.0,38751.8,24804.9,9603.9,26525.7,28055.0,10696.8,8029.8,6355.2,7688.6,380.0,2002.0,832642375.0,4543.3,-664.8,28055.0,"depreciation from manual override: 1470 crore (Screener.in consolidated P&L, Mar 2024)"
DRREDDY.NS,2025,32553.5,13510.7,19042.8,7961.3,5654.4,282.9,9387.0,1703.7,49298.9,25011.2,13039.2,31579.3,33338.8,15582.3,9042.0,7108.5,9776.1,380.0,4676.6,832003105.0,4642.8,-666.2,33716.6,
DRREDDY.NS,2026,33593.3,15866.9,17726.4,5855.5,4285.0,373.8,10676.3,2058.8,57934.6,30197.5,16756.6,35198.4,37706.3,19888.9,10121.9,7653.1,11593.0,1220.3,7734.1,832691395.0,5675.5,-665.9,38045.7,
GLAND.NS,2023,3591.859,1685.427,1906.432,1060.869,781.043,6.287,75.564,146.736,8777.535,6900.808,729.133,6015.388,7958.722,818.813,871.394,1945.3,1799.064,3.261,4.453,164700823.0,363.968,,7958.722,
GLAND.NS,2024,5641.732,2173.088,3468.644,1154.332,772.46,21.79,169.907,344.566,10661.246,5645.152,1398.363,6787.848,8723.843,1937.403,1558.69,1655.237,3871.002,106.54,372.166,164710523.0,996.797,,8723.843,
GLAND.NS,2025,5583.626,2090.381,3493.245,1100.057,698.526,37.399,141.121,377.874,11224.92,6782.938,1564.845,7156.871,9150.741,2074.179,1516.533,1685.218,3974.99,77.664,313.733,164756423.0,914.73,-329.488,9150.741,
GLAND.NS,2026,6402.902,2242.93,4159.972,1494.138,1027.316,29.558,134.39,423.667,12510.848,7526.785,1608.403,7887.625,10357.95,2152.898,1891.382,1743.889,4473.606,69.925,283.59,164756423.0,1031.387,-296.551,10357.95,
GLENMARK.NS,2023,11431.938,4586.605,6845.333,588.878,297.245,349.036,1432.044,569.174,19371.676,10725.527,5105.056,9457.039,9473.923,9532.417,3665.169,2373.62,4221.474,3852.138,4607.881,282168156.0,625.392,-136.606,9839.259,
GLENMARK.NS,2024,11635.456,4879.04,6756.416,552.464,-1501.668,515.969,1349.253,581.906,14358.624,7428.082,5818.587,7870.449,7847.927,6511.077,1858.412,2513.051,3567.822,0.0,1230.93,282188156.0,-265.444,-117.752,7847.547,
GLENMARK.NS,2025,13145.836,4757.342,8388.494,1606.274,1047.097,207.065,1603.288,486.01,16049.554,9295.465,5967.024,8798.539,8849.441,7200.484,3341.947,3028.53,3887.852,512.7,2472.667,282188156.0,-827.595,-70.442,8849.07,
GLENMARK.NS,2026,16711.403,5113.907,11597.496,2193.471,1361.851,208.725,1871.917,573.481,19907.876,11299.709,6376.426,9881.649,10512.109,9396.083,4963.354,3430.776,4343.77,0.0,593.527,282200809.0,3445.028,-141.03,10511.793,
IPCALAB.NS,2023,6206.85,2407.51,3799.34,790.38,471.32,45.09,632.36,261.56,8626.43,5189.27,1805.82,4404.01,5842.02,2711.11,989.02,1743.37,2731.63,651.78,1481.27,253704218.0,805.81,-101.48,5915.32,
IPCALAB.NS,2024,7622.41,2725.79,4896.62,979.96,547.35,137.29,826.03,357.24,11101.28,5538.9,2355.64,4899.35,6332.19,3374.28,1686.51,2471.31,4696.04,580.41,1438.36,253704218.0,944.65,-50.74,7727.0,
IPCALAB.NS,2025,8854.6,2930.5,5924.1,1215.46,737.68,84.32,999.39,397.82,11760.55,6268.54,2386.22,5531.33,6948.45,3372.28,1884.14,2560.42,4762.62,543.24,1362.74,253704218.0,1321.32,-101.48,8388.27,
IPCALAB.NS,2026,9562.54,2980.22,6582.32,1648.25,1141.12,75.73,1067.34,418.12,12370.19,6376.86,2306.93,6628.5,8063.81,2846.13,2014.26,2731.0,5270.89,109.12,808.76,253704218.0,1141.97,-52.41,9524.06,
LAURUSLABS.NS,2023,6014.22,2840.71,3173.51,1231.83,790.11,122.89,179.96,324.08,7660.4,3461.68,2432.26,3302.01,4037.53,3611.74,1580.44,1684.81,3700.17,761.42,2015.09,538650925.0,993.9,-107.47,4048.66,
LAURUSLABS.NS,2024,5001.8,2499.09,2502.71,408.12,160.55,171.76,201.12,384.57,8387.03,3834.97,3112.28,3314.95,4110.95,4271.46,1662.92,1845.41,4047.53,798.23,2577.4,538965858.0,665.69,-86.18,4115.57,
LAURUSLABS.NS,2025,5507.86,2539.41,2968.45,690.88,358.32,206.59,251.32,430.1,9335.57,4332.32,3539.72,3626.49,4472.56,4733.05,2007.16,1936.54,4315.96,645.58,2763.73,539252491.0,601.65,-43.13,4602.52,
LAURUSLABS.NS,2026,6721.23,2763.59,3957.64,1342.93,888.79,161.05,243.12,480.05,10511.19,4829.21,3635.43,4428.95,5300.06,5079.83,2154.94,2342.16,4879.22,611.34,2518.48,539856582.0,1623.5,-86.33,5431.36,
LUPIN.NS,2023,16269.98,7264.89,9005.09,956.7,430.08,240.21,2123.91,880.69,22955.93,12451.3,9265.37,9535.95,12464.5,10413.11,4480.7,4491.76,5677.7,27.51,4541.52,454981335.0,1897.24,-182.5,12542.82,
LUPIN.NS,2024,19656.34,7146.78,12509.56,2701.31,1914.48,279.04,2603.37,1196.81,23997.18,13447.65,8501.5,11183.37,14290.29,9623.73,4692.05,4953.9,5560.84,0.0,2921.77,455678908.0,3648.36,-182.8,14373.45,
LUPIN.NS,2025,22192.11,7455.96,14736.15,4285.53,3281.62,270.53,2800.71,1169.26,29204.88,16798.58,8961.39,14070.57,17203.5,11910.53,5497.1,5476.35,5613.6,1766.23,5447.77,456565045.0,2999.94,-365.31,17294.35,
LUPIN.NS,2026,27487.54,8110.75,19376.79,7285.05,5332.84,412.5,3593.46,1375.5,38364.83,24027.38,12651.24,18796.8,22448.27,15851.46,6604.06,6083.25,6255.07,1643.39,6616.18,457179111.0,7334.5,-548.34,22513.37,
MANKIND.NS,2023,8749.433,2962.3271,5787.1059,1711.5127,1281.8591,40.2736,669.059,325.9195,9715.4491,4327.872,1863.1362,8012.202,7435.2228,2092.1562,576.4214,1498.4582,3075.7951,23.1465,170.3709,400588440.0,1813.3017,,7623.2929,
MANKIND.NS,2024,10259.29,3257.31,7001.98,2425.76,1912.9,27.82,984.98,378.42,11963.25,6568.22,2119.73,9918.83,9363.09,2387.46,848.28,1553.46,3170.95,24.87,207.17,400588440.0,2152.44,,9575.79,
MANKIND.NS,2025,12207.44,3569.18,8638.26,2937.22,1990.96,420.89,1372.07,621.22,27759.53,6988.27,5663.56,11907.32,14332.39,13191.35,1538.34,2093.71,3259.17,5526.19,8511.45,412578527.0,2413.38,,14568.18,
MANKIND.NS,2026,14277.64,4149.58,10128.06,2966.08,1912.93,633.4,1500.54,886.18,28079.53,6954.2,6507.25,13804.25,16300.34,11518.48,1729.51,2144.48,3713.94,2821.23,6311.54,412828328.0,3121.29,-41.27,16561.05,
PPLPHARMA.NS,2022,,,,,,,,,,,,862.38,,,,,,,,,,-50.0,,
PPLPHARMA.NS,2023,7032.41,3000.18,4032.23,217.56,-186.46,337.71,555.38,676.69,14522.56,4835.48,3843.05,,6773.5,7749.06,1799.34,1681.37,4441.44,3383.54,5637.08,1217091928.0,483.89,-67.0,6773.5,
PPLPHARMA.NS,2024,8106.41,3258.76,4847.65,626.24,17.82,446.95,566.88,740.57,15311.81,5464.47,4369.3,970.67,7911.34,7400.44,2134.43,2175.88,4815.96,2483.75,4710.16,1318016324.0,1004.54,,7911.37,
PPLPHARMA.NS,2025,9061.0,3572.13,5488.87,832.57,91.13,417.93,605.46,816.34,15677.59,5796.99,3766.27,1049.32,8125.41,7552.12,2349.52,2312.7,5023.5,3214.07,4856.47,1321193778.0,892.3,-14.47,8125.47,
PPLPHARMA.NS,2026,8758.82,3583.63,5175.19,162.29,-325.94,338.35,651.55,831.24,17965.04,7191.66,4758.28,691.93,8162.58,9802.42,2157.67,3064.44,5641.86,4299.97,5674.58,1324744010.0,1652.59,-18.55,8162.62,
SAILIFE.NS,2023,1196.949,878.765,318.184,93.465,9.989,77.057,31.153,99.432,2186.648,963.95,758.852,469.562,888.093,1298.555,284.051,139.53,1182.655,260.969,932.375,207989529.0,219.403,,888.093,
SAILIFE.NS,2024,1456.47,968.656,487.814,195.144,82.809,85.91,47.453,119.436,2275.136,945.114,739.903,553.421,975.144,1299.992,256.184,87.443,1275.17,277.246,927.66,207989529.0,263.087,,975.144,
SAILIFE.NS,2025,1660.392,1041.498,618.894,303.867,170.132,76.164,46.933,138.573,3159.975,1504.511,732.49,724.499,2128.355,1031.62,354.783,118.865,1607.802,0.0,352.381,208414389.0,314.045,,2128.355,
SAILIFE.NS,2026,2136.826,1294.393,842.433,505.431,348.91,39.239,77.493,166.855,3626.14,1410.53,833.678,1074.877,2483.688,1142.452,373.623,150.968,2121.818,20.504,288.452,211779234.0,509.133,,2483.688,
SUNPHARMA.NS,2023,43278.87,11942.42,31336.45,9580.43,8473.58,172.0,8044.7,2529.43,80743.59,39883.34,19907.0,43610.25,55995.38,21428.12,11438.51,10513.05,11484.12,0.0,6885.87,2399334970.0,4959.33,-2518.88,59315.47,
SUNPHARMA.NS,2024,47758.45,12069.66,35688.79,11326.36,9576.38,238.47,9217.4,2556.79,85499.65,43474.98,16984.4,50154.55,63666.75,18373.71,11249.37,9868.29,11488.83,1.33,3273.67,2399334970.0,12134.98,-2898.17,67125.94,
SUNPHARMA.NS,2025,52041.25,12197.51,39843.74,13983.49,10929.04,231.36,10300.45,2575.39,92100.58,52624.47,18194.21,57861.84,72218.02,19614.63,13046.11,10243.33,11486.75,2.52,2362.19,2399334970.0,14072.09,-3613.97,72485.95,
SUNPHARMA.NS,2026,58220.11,13173.14,45046.97,15457.79,11479.42,338.91,11477.41,2937.85,108785.22,63891.19,22622.04,69354.63,83570.09,24905.48,15509.67,11492.93,12637.32,31.26,4627.32,2399334970.0,12419.18,-3933.9,83879.74,
TORNTPHARM.NS,2022,,,,,,,,,,,,2916.68,,,,,,,,,,,,
TORNTPHARM.NS,2023,9463.69,2827.69,6636.0,2179.4,1245.23,332.24,1640.75,702.03,15011.85,5313.72,5447.3,3303.19,6198.07,8813.78,1943.82,2229.64,3482.31,2496.22,5368.56,338445440.0,2368.13,-863.04,6198.07,
TORNTPHARM.NS,2024,10562.31,2787.73,7774.58,2704.74,1656.38,352.63,1901.96,795.3,15060.58,5611.48,5425.25,3942.4,6856.15,8204.43,1844.3,2279.07,3593.15,1603.78,4021.94,338445440.0,3266.08,-1015.34,6856.15,
TORNTPHARM.NS,2025,11317.25,2884.49,8432.76,2924.19,1911.25,251.38,1998.89,794.93,14989.74,5622.57,4717.19,4770.62,7590.69,7399.05,1866.45,2541.25,3864.74,1191.75,3202.32,338445440.0,2585.11,-1083.03,7590.69,retained_earnings rolled forward from FY2024: 3942.40 + 1911.25 - 1083.03 = 4770.62 crore
TORNTPHARM.NS,2026,13752.99,3525.11,10227.88,3256.88,2163.37,384.69,2392.06,1118.7,44311.96,9391.89,8343.33,5645.049999999999,8388.43,26727.13,3030.86,3138.19,5394.12,11651.17,15025.5,338445440.0,3022.71,-1288.94,17584.83,retained_earnings rolled forward from FY2025: 4770.62 + 2163.37 - 1288.94 = 5645.05 crore
WOCKPHARMA.NS,2022,,,,,,,,,,,,,,,,,,,,,,-2.0,,
WOCKPHARMA.NS,2023,2646.0,1159.0,1487.0,-332.0,-559.0,292.0,244.0,251.0,7683.0,2208.0,3435.0,710.0,3354.0,4021.0,797.0,658.0,2448.0,224.0,2184.0,144088323.0,153.0,,3662.0,
WOCKPHARMA.NS,2024,2789.0,1219.0,1570.0,-129.0,-463.0,291.0,230.0,223.0,7649.0,2184.0,2791.0,240.0,3359.0,3987.0,618.0,640.0,2318.0,891.0,2356.0,153400936.0,219.0,,3662.0,
WOCKPHARMA.NS,2025,2915.0,1203.0,1712.0,235.0,-47.0,251.0,254.0,217.0,8135.0,2569.0,2042.0,188.0,4353.0,3478.0,661.0,725.0,2241.0,1211.0,2021.0,162485569.0,-22.0,,4657.0,
WOCKPHARMA.NS,2026,3317.0,1213.0,2104.0,446.0,213.0,208.0,275.0,227.0,8615.0,2697.0,1622.0,463.0,4940.0,3334.0,588.0,887.0,2302.0,1518.0,2233.0,162492169.0,390.0,,5281.0,
ZYDUSLIFE.NS,2023,16877.8,6558.9,10318.9,2715.2,1960.3,125.5,2140.1,722.7,25756.4,10016.4,5530.7,17189.8,17515.8,6068.1,4416.8,3413.3,6973.1,0.0,1194.9,1012204139.0,2688.8,-267.1,19688.3,
ZYDUSLIFE.NS,2024,19021.5,6500.4,12521.1,4852.9,3859.5,44.0,2175.6,764.1,29280.8,11501.4,5341.9,20369.0,19829.5,7179.2,5220.2,3441.9,7049.2,0.0,804.2,1006233990.0,3196.3,-621.0,22101.6,
ZYDUSLIFE.NS,2025,22573.8,6666.4,15907.4,6120.2,4525.5,93.5,2866.9,915.8,37201.7,17046.1,9041.6,24561.6,23953.1,10843.3,4084.8,3944.0,7559.7,0.0,3213.2,1006233990.0,6781.1,-302.5,26358.4,
ZYDUSLIFE.NS,2026,26719.7,7659.2,19060.5,6986.1,5040.0,365.0,4017.6,1408.0,52406.6,19906.1,15711.9,28487.9,27111.4,22824.4,5415.7,5628.1,10729.7,3188.0,12496.0,1006233990.0,2116.6,-1106.3,29582.2,
