ticker,fiscal_year,current_ratio,debt_to_equity,interest_coverage,roa,roe,gross_margin,ebitda_margin,asset_turnover,receivable_days,inventory_days,cash_conversion
ABBOTINDIA.NS,2023,2.508341486874181,0.03549273335131439,80.6635397123202,,0.297756967138565,0.441907483639533,0.25431993012551596,,21.763208540547215,79.36750369474225,0.9409949336956637
ABBOTINDIA.NS,2024,2.4173617731172548,0.022501344998094024,130.93975903614458,0.263685075875149,0.32475147949790345,0.44719600355042344,0.29097224478766726,1.283542347618598,19.91985038967436,69.96355592680248,1.0096485240005992
ABBOTINDIA.NS,2025,3.3850368464812854,0.04645949234021946,166.08748906386703,0.2723486518699372,0.33413415541617947,0.4519968097244095,0.3075057320387016,1.2336540553654674,21.66140156735555,91.69493939117754,0.7153643844913888
ABBOTINDIA.NS,2026,2.5536818437324342,0.03602495920773996,84.20408163265307,0.26228472059094415,0.3250855118878805,0.4650348640806133,0.3147468564581559,1.170616378050161,19.060683711328302,93.30344204120735,0.8500148193966572
AJANTPHARM.NS,2022,,,,,,,,,,,
AJANTPHARM.NS,2023,2.4875359876413174,0.010516559966233668,128.611301369863,,0.17354832806472276,0.6987932634213706,0.23786520369411362,,104.05028158984982,266.58632793960936,1.3471716725058676
AJANTPHARM.NS,2024,3.050455180117286,0.009889638585288322,155.497919556172,0.17443182546772612,0.22878759422207395,0.7319966647363148,0.30193748062639525,0.8894148774743429,109.35642386683934,271.0893734533587,0.9618951934033352
AJANTPHARM.NS,2025,2.85416122879229,0.012510916051278399,58.36420646406175,0.19842876515342606,0.24282838516314054,0.7543002631056935,0.2951492203831708,0.9890306765925245,94.10335890275988,292.6897484806813,1.2573256988885146
AJANTPHARM.NS,2026,2.6384813702984284,0.05746958863199097,86.51520794537555,0.21057039452038406,0.2332624268569876,0.7692546687231612,0.289777077484715,1.078228097987019,125.14031135917267,274.55886831770454,0.501126893939394
ALKEM.NS,2023,2.3548287898487783,0.15440964302968727,14.917546666666667,,0.10880469282908561,0.5644958414733815,0.14937829699266195,,68.02638905278248,191.02515494789577,1.7095623723543698
ALKEM.NS,2024,2.60644628306067,0.13754865662147042,22.138125587712885,0.13053832146634536,0.17414270281592623,0.5954921683318274,0.1943961206633203,0.9042346792278644,66.10336724751673,193.03956659386256,1.0848104155877423
ALKEM.NS,2025,2.759246375057979,0.11522027356158222,29.966414488766624,0.1390365267192727,0.18068447968146503,0.6206408311999887,0.2320592098789343,0.8221317632857996,70.30128578591165,219.59210919084722,0.8833330254724125
ALKEM.NS,2026,2.5530599870366113,0.14812917417384824,25.755453996723293,0.13011062059453626,0.16655451118298711,0.6422227941267545,0.2318222667512596,0.8214492032717017,74.82450520700726,233.99610335157922,0.8528238769658527
AUROPHARMA.NS,2022,,,,,,,,,,,
AUROPHARMA.NS,2023,1.874550409003826,0.19695378327375154,21.259790616518032,,0.07181485738556662,0.5166089629457211,0.16192098753997722,,66.22334528842315,261.06531677269174,1.2382619974059663
AUROPHARMA.NS,2024,1.9842095296959703,0.22275490235500692,17.337759707560895,0.07954301317197622,0.1063227981288619,0.5388803149331987,0.2139033949380759,0.7195915566787557,61.24858820045637,270.4704707767556,0.767268521290778
AUROPHARMA.NS,2025,1.8500089222835052,0.25304838834152243,12.50409863984196,0.07734109640435832,0.1067542289727354,0.5620669555515259,0.22620468460038887,0.6961854617251563,66.83841420760255,280.0605609859753,1.1258620491812683
AUROPHARMA.NS,2026,1.8132231203375353,0.21305445598252037,15.509522863387357,0.07039775257472285,0.09249565265813992,0.5709138366810705,0.21641055164724962,0.6705786907172988,77.56373271141247,307.1095705179711,1.5768228832299023
BIOCON.NS,2023,1.4492344930499252,1.0085017546412638,3.141050119331742,,0.025897049851960886,0.6646454669337211,0.22216734802132776,,119.27986757026183,422.4256845205628,4.0036740868813485
BIOCON.NS,2024,0.988306378102456,0.8227328558358649,2.565270935960591,0.01964729030720868,0.05168396204956605,0.6543625579396724,0.2865918088448696,0.27277164180251634,160.20012961580187,367.7747319936411,2.888899755501223
BIOCON.NS,2025,1.1362095187598544,0.8483644428017002,3.1252675453418948,0.018071827175334,0.04681666974681205,0.654668420563107,0.29638856778411127,0.26845036712578946,133.07579622912266,346.2584647941516,4.007894996545939
BIOCON.NS,2026,1.221092883746055,0.4535199431120305,1.4642412935323383,0.006558124267610928,0.011330579046656361,0.6606177629187301,0.2007997663871656,0.2853855534182692,130.22616344555092,390.0541722272951,5.1711618257261405
CIPLA.NS,2023,3.3808347701514974,0.03430996019272225,43.70674703891709,,0.11969994591541787,0.6012744969781757,0.22925549477199045,,65.89209893748904,210.040694683298,1.155515344889736
CIPLA.NS,2024,3.7061117814925164,0.020946640940028297,81.16167580486433,0.1398876839238537,0.15432800265703803,0.6230392786785519,0.26387148317871556,0.8636726800274783,68.42913580305132,199.30942581507404,1.0029988717836735
CIPLA.NS,2025,4.246661171853916,0.014047500356645384,155.947978191731,0.16115132365175922,0.1690265103731713,0.6403537984336204,0.2895621357578079,0.8296824177160949,74.03924974397135,210.9418206364197,0.9492576604735495
CIPLA.NS,2026,3.44289158619195,0.017825595123134183,109.3066556085424,0.10375868215295996,0.11266367429088392,0.6228274060513812,0.2293429235098978,0.7412111255665064,74.02357091898762,230.36567806056016,1.0156706356673877
DIVISLAB.NS,2023,8.457765667574932,0.0003133077465340331,,,0.14286833241951907,0.5853881278538813,0.3538160469667319,,85.38095238095238,344.5563247325362,1.3481359649122806
DIVISLAB.NS,2024,7.570422535211268,0.0002210596124088129,722.0,0.11081099799155066,0.11789845995136689,0.5806824012314007,0.3263211903540277,0.5399265877138306,100.94150846587995,355.5093300703579,0.788125
DIVISLAB.NS,2025,6.942837465564739,0.00026721891909947226,1459.0,0.1416289592760181,0.1463691629367359,0.5849865951742628,0.3560321715817694,0.6027795733678086,106.8970509383378,305.2041343669251,0.7544500228206299
DIVISLAB.NS,2026,5.431228585413607,0.0004176361792255832,148.30434782608697,0.15166548547129696,0.1532128154644711,0.5913516609392898,0.3697976326842306,0.6187101346562721,103.967163039328,337.1198318149965,1.0661993769470406
DRREDDY.NS,2022,,,,,,,,,,,
DRREDDY.NS,2023,2.379323198788514,0.05832261863016309,43.27380952380952,,0.19510283950456944,0.5667137087754546,,,107.60180820647554,166.7469212285049,1.3063882663589768
DRREDDY.NS,2024,2.5827944897385438,0.07135982890750311,43.00467562828756,0.17301012260217363,0.19848155409017998,0.5860605235632101,0.31623346849880357,0.8673622201370808,104.98764167299507,200.73626002751888,0.8159076215789096
DRREDDY.NS,2025,1.9181544880053991,0.14027499490083625,28.1417462000707,0.14591322209548974,0.16960418491367413,0.584969358133534,0.29689587909134196,0.8400513008427994,101.38172546730766,192.04056784622557,0.8210950764006792
DRREDDY.NS,2026,1.8021257295632767,0.2051142647249929,15.664794007490636,0.08691877506394666,0.11364148696636901,0.5276766498081462,0.23559162094822478,0.6814208836302635,109.97709364664976,176.0508668990162,1.3245040840140023
GLAND.NS,2023,9.46440224211495,0.0005595119417414002,168.74009861619214,,0.09813673602369828,0.5307647098619406,0.33620612613134315,,88.5499152388777,421.2787026670393,0.4660025120255863
GLAND.NS,2024,4.036971802028515,0.042660786077878744,52.97530977512621,0.0880042061922852,0.08854583925914301,0.6148189953014429,0.26568046833844644,0.6427467392610796,100.84170074012734,278.01980637691616,1.2904189213680968
GLAND.NS,2025,4.334574989855225,0.03428498304126409,29.414075242653546,0.06552010900039264,0.07633545742361192,0.6256230270437168,0.2646901851950686,0.5237310910938553,99.13531905611156,294.25476504044,1.3095146064713412
GLAND.NS,2026,4.679663616643341,0.027378969776838076,50.54936057920021,0.09152100861297899,0.09918140172524485,0.6497010261909365,0.299521217098122,0.5704184974146809,107.81899051398881,283.78927786422224,1.0039627534273776
GLENMARK.NS,2023,2.100961674073703,0.4863751795322803,1.687155479663989,,0.03137507028503398,0.5987902488624413,0.10129970963803339,,117.02186322214135,188.89163117382031,2.103961378660701
GLENMARK.NS,2024,1.27661268964441,0.15684778923147477,1.070730993528681,-0.07751874437709984,-0.19134581654492963,0.5806747926338255,0.09749252629205077,0.6006427115547462,58.29770487723043,188.0008393044533,
GLENMARK.NS,2025,1.5578058677156317,0.2794150500579641,7.757341897471808,0.07292460614610426,0.11832351896577421,0.6381103491630354,0.15915944790426412,0.9155359176478192,92.79064906940876,232.3594666937967,-0.7903709016452153
GLENMARK.NS,2026,1.7721069765414041,0.05646126766760124,10.508904060366511,0.0848528875007991,0.129550692444304,0.6939869740440106,0.1655726930886653,1.0412378437431968,108.40647012103055,244.86820741949353,2.5296658738731326
IPCALAB.NS,2023,2.8736363535679086,0.25355442124470645,17.528942115768462,,0.08067757385287964,0.6121204797924873,0.16948049332592216,,58.16030675785624,264.3104493854646,1.709687685648816
IPCALAB.NS,2024,2.3513355181606697,0.22715048032355314,7.137883312695754,0.06345034968115432,0.08643928877686867,0.6423978767870004,0.1754300805125938,0.8836111809868045,80.75872985053284,330.9235671126536,1.7258609664748332
IPCALAB.NS,2025,2.6269748807737763,0.19612143715504898,14.414848197343455,0.06644999495553665,0.10616468421014759,0.669042079822917,0.1821968242495426,0.7976197339405906,77.66709958665552,318.9057498720355,1.7911831688537034
IPCALAB.NS,2026,2.7642191137138967,0.10029502183211161,21.764822395351906,0.0970294756622777,0.1415112707268648,0.6883443101937351,0.21609007648595455,0.8131031286802064,76.8838509433686,334.47698492057634,1.000744882220976
LAURUSLABS.NS,2023,1.423236002729971,0.49908979004490367,10.023842460737244,,0.19569142520303254,0.5276677607403787,0.2587052020045824,,95.91611214754366,216.4795596875429,1.2579261115540874
LAURUSLABS.NS,2024,1.2322059711851117,0.6269597051776354,2.3761061946902657,0.020958435590830767,0.03905423320643647,0.5003618697268983,0.15848094685913072,0.6529424050963397,121.34947418929185,269.52796818041764,4.146309560884459
LAURUSLABS.NS,2025,1.2239160159560643,0.617930223406729,3.3442083353502103,0.04272310937244769,0.08011519129983723,0.5389479761649715,0.20352369159709943,0.6567116130501499,133.01234962399192,278.34697823510186,1.679085733422639
LAURUSLABS.NS,2026,1.3283738099757114,0.4751795262695139,8.338590499844768,0.09520468487730262,0.16769432798873973,0.5888267474852074,0.2712271414607148,0.7199592526219609,117.02517247587124,309.3398080033579,1.826640713779408
LUPIN.NS,2023,1.3438535104372515,0.3643563720967548,3.9827650805545147,,0.03450439247462794,0.553478861068053,0.11293130046871601,,100.51982239683146,225.673396293681,4.4113653273809526
LUPIN.NS,2024,1.5817973298829617,0.2044584119706458,9.680726777522935,0.08339805880223541,0.133970689188253,0.636413493051097,0.19831362298372943,0.8562641548392942,87.12701601620648,253.00533946756443,1.9056662905854331
LUPIN.NS,2025,1.874550711440971,0.31666637602813386,15.841237570694563,0.1367502348192579,0.19075304443863167,0.6640265391618912,0.24579861941924405,0.9247799116396177,90.41238079659844,268.0899240339273,0.9141643456585468
LUPIN.NS,2026,1.899211460694762,0.29473006160385634,17.66072727272727,0.182600989971539,0.23756129091462283,0.7049299428031756,0.31507184709872177,0.9411968136831926,87.69362045494069,273.75843787565884,1.375345969502179
MANKIND.NS,2023,2.3228962005032163,0.0229140275392958,42.49713708235668,,0.17240358957367088,0.6614263918587637,0.23286448390427125,,24.046565188852806,184.6309420050203,1.4145873754767588
MANKIND.NS,2024,3.0986116156302925,0.022126242511820347,87.19482386772107,0.19689259655531519,0.20430221219704178,0.6825014206636131,0.27333080554307365,1.0559769182466305,30.179690797316383,174.07397515127514,1.1252234826702912
MANKIND.NS,2025,1.233900585497461,0.5938611773751622,6.978592981539119,0.16642300378241698,0.13891332848185126,0.7076225645999489,0.29149764405968814,1.0204116774287924,45.996056503247196,214.1119668943567,1.2121690038976172
MANKIND.NS,2026,1.068684928349149,0.387202966318494,4.682791285127881,0.06891074884913398,0.11735522081134504,0.7093651331732695,0.26981069700594773,0.514332915578902,44.21397023597738,188.62998182948635,1.631680197393527
PPLPHARMA.NS,2022,,,,,,,,,,,
PPLPHARMA.NS,2023,1.2582401998412718,0.832225585000369,0.6442213733676824,,-0.02752786594818041,0.5733781164636306,0.12716124344285956,,93.3903313373367,204.55441006872923,
PPLPHARMA.NS,2024,1.2506511340489324,0.5953681677187429,1.4011410672334714,0.001227056386752749,0.002252462920314384,0.5980020749012201,0.16860854558306326,0.5581942853050702,96.10505143460544,243.71116621046042,56.37149270482603
PPLPHARMA.NS,2025,1.5391859850727643,0.5976892242976047,1.9921278683033046,0.005951615125840772,0.011215434051943224,0.6057686789537579,0.18197881028584043,0.5917654411855947,94.6446087628297,236.3115284158191,9.791506638867553
PPLPHARMA.NS,2026,1.5113990769773953,0.6951944115708514,0.4796512487069602,-0.020790185226173156,-0.03993100220763533,0.5908547041724799,0.11343194631240282,0.5586840834592561,89.9150285084064,312.1194431344754,
SAILIFE.NS,2023,1.2702740455319352,1.0498618950943202,1.212933283154029,,0.011247695905721587,0.2658292040847187,0.16115724228851855,,86.61907483109137,57.954572610424854,21.964460906997694
SAILIFE.NS,2024,1.277348517305647,0.9513056533188944,2.2714934233500177,0.03787029279518239,0.08491976569614333,0.3349289721037852,0.21598797091598182,0.6660742835609572,64.20122625251464,32.94946296724534,3.1770338972816963
SAILIFE.NS,2025,2.0539679722590067,0.16556495509442737,3.9896407751693714,0.07477882640861909,0.07993591294685332,0.37273969038636656,0.26646719569836524,0.7297990098174352,77.99109788531865,41.657041108096216,1.8458902499235887
SAILIFE.NS,2026,1.691936215181401,0.1161385810133962,12.880832844873723,0.1104154305018236,0.1404806078702317,0.39424501573829596,0.3146189722513672,0.6762161093046622,63.82007472765682,42.57078028079571,1.4592101114900689
SUNPHARMA.NS,2023,2.003483196865424,0.12297210948474678,55.700174418604654,,0.15132641300050112,0.7240588767682705,0.2798099857967641,,96.46869592482429,321.31370777447114,0.5852697443111412
SUNPHARMA.NS,2024,2.559700666493959,0.05141883322142249,47.495953369396574,0.11860235592695345,0.15041414867258027,0.7472769740223982,0.29069515447004673,0.5914828656986889,85.97473431403239,298.42811230805177,1.2671782030370558
SUNPHARMA.NS,2025,2.892374552124,0.03270914932311907,60.440395919778695,0.1278255525022617,0.15133397453987246,0.7656184276895731,0.3181875915739918,0.6086720822833778,91.50107174597073,306.52284359676685,1.2875870158769662
SUNPHARMA.NS,2026,2.8242894982061744,0.05537052790059219,45.61030952170193,0.12464004026901894,0.13736278134916452,0.7737355700633338,0.31596711170762126,0.6321361928448225,97.23495111912362,318.44491518347184,1.0818647632023222
TORNTPHARM.NS,2022,,,,,,,,,,,
TORNTPHARM.NS,2023,0.9754777596240339,0.8661664034126754,6.559715868047195,,0.2009060885081969,0.7012064004632442,0.3044721456429786,,74.97015434782837,287.80333063383887,1.9017611204355822
TORNTPHARM.NS,2024,1.0343265287313947,0.5866178540434501,7.670192553100984,0.11033816618204952,0.24159039694289072,0.7360681517584695,0.3313706944787646,0.70359815745561,63.73317011146236,298.40068801497995,1.971818061072942
TORNTPHARM.NS,2025,1.191932061248328,0.4218746912336033,11.632548333200733,0.12690414313392978,0.2517887043206876,0.7451244781196845,0.3286240031809848,0.7514484833917419,60.196094457575825,321.5668107707082,1.3525755395683454
TORNTPHARM.NS,2026,1.125676438544322,1.7912171884369303,8.466245548363618,0.14432338386122773,0.2578992731655387,0.74368410069374,0.3181548157891484,0.9174935655988696,80.43806474083091,324.93719344928246,1.3972228513846454
WOCKPHARMA.NS,2022,,,,,,,,,,,
WOCKPHARMA.NS,2023,0.6427947598253275,0.6511627906976745,-1.1369863013698631,,-0.16666666666666666,0.5619803476946335,-0.030612244897959183,,109.94142101284959,207.22174288179463,
WOCKPHARMA.NS,2024,0.782515227517019,0.7013992259601072,-0.44329896907216493,-0.06026291813093843,-0.13783864245311103,0.5629257798494084,0.03370383650053783,0.36300924118183003,80.87845105772678,191.63248564397045,
WOCKPHARMA.NS,2025,1.2580803134182175,0.46427750976338156,0.9362549800796812,-0.006144594064583606,-0.010797151389846084,0.5873070325900515,0.1550600343053173,0.38109556804811084,82.76672384219555,219.97090606816295,
WOCKPHARMA.NS,2026,1.6627620221948212,0.4520242914979757,2.144230769230769,0.02618315918869084,0.04311740890688259,0.6343081097377148,0.20289418148929755,0.4077443146896128,64.70304492010852,266.9043693322341,1.8309859154929577
ZYDUSLIFE.NS,2023,1.8110546585423184,0.06821840852259103,21.635059760956175,,0.11191609860811381,0.6113889250968728,0.2036936093566697,,95.51789925227222,189.9486956654317,1.371626791817579
ZYDUSLIFE.NS,2024,2.153054156760703,0.04055573766358204,110.29318181818181,0.14984625180537653,0.19463425704127688,0.6582603895591831,0.29529742659622005,0.7385154757652467,100.16943984438662,193.26402990585194,0.8281642699831585
ZYDUSLIFE.NS,2025,1.8852968501150236,0.13414547595092075,65.4566844919786,0.1545552034097429,0.1889317040383082,0.7046841914077382,0.31168877193915073,0.7709420507636403,66.04789623368684,215.94263770550825,1.498420064081317
ZYDUSLIFE.NS,2026,1.2669441633411618,0.46091312141755864,19.14,0.13547767978345077,0.18589965844626244,0.7133500750382676,0.3141539762796738,0.7182386826408471,73.98026549699284,268.20771098809274,0.4199603174603174
