ticker,fiscal_year,x1,x2,x3,x4,altman_z,p1_roa_positive,p2_cfo_positive,p3_roa_improved,p4_cfo_above_net_income,p5_leverage_fell,p6_current_ratio_improved,p7_no_new_shares,p8_gross_margin_improved,p9_asset_turnover_improved,altman_zone,piotroski_f,piotroski_tests_available,piotroski_band,beneish_dsri,beneish_gmi,beneish_aqi,beneish_sgi,beneish_depi,beneish_sgai,beneish_lvgi,beneish_tata,beneish_m,beneish_verdict,score_notes
ABBOTINDIA.NS,2025,0.5671833992134939,0.5442980002737731,0.3208180744290902,2.513508217746532,10.290215668530365,1.0,1.0,1.0,0.0,0.0,1.0,1.0,1.0,0.0,Safe,6.0,9,Average,1.0874279245884266,0.9893786724359556,0.41017816480875335,1.0957348743584527,1.3964249347802515,0.9241064197581519,0.9871817921229048,0.06803767252349463,-2.176884496807418,Unlikely manipulator,
ABBOTINDIA.NS,2026,0.3528367730812235,0.554952144978491,0.32363621263224923,2.763257203051385,9.200008636135376,1.0,1.0,0.0,0.0,1.0,0.0,1.0,1.0,0.0,Safe,5.0,9,Average,0.8799376924923169,0.9719632755234806,2.7163671013135695,1.0811506843328436,0.9160944204563741,0.9845982957706391,0.935449472063914,0.035801677348110475,-1.6578379716482496,Likely manipulator,
AJANTPHARM.NS,2025,0.3682848283631941,0.7321867615828673,0.24125664263851088,3.094973298711479,9.673843919000547,1.0,1.0,1.0,1.0,0.0,0.0,1.0,1.0,1.0,Safe,7.0,9,Average,0.8605197168604128,0.9704314058203456,1.4057779492829625,1.102345497754464,1.0304286487801935,1.0884172392920242,1.0372204056771483,-0.0472267918922422,-2.6135613051767126,Unlikely manipulator,
AJANTPHARM.NS,2026,0.3768871327280644,0.7113198718406978,0.2264494284173106,2.781194900936876,9.233277177844824,1.0,1.0,1.0,0.0,0.0,0.0,1.0,1.0,1.0,Safe,6.0,9,Average,1.3298176900198038,0.980559876689095,0.8971269679288172,1.1786917085739324,0.9337357616511133,1.1114253794204338,1.3085862313146728,0.08559280176251534,-1.7962043420622735,Unlikely manipulator,
ALKEM.NS,2025,0.39448423218454476,0.5637303502891285,0.14777317408188298,2.2795888516720018,7.812181529159028,1.0,1.0,1.0,0.0,0.0,1.0,1.0,1.0,0.0,Safe,6.0,9,Average,1.0635053661135943,0.9594795224485356,1.307437823725131,1.0293731771394394,0.9521199675600959,0.9869984224759476,0.933475470437477,0.014280626981928774,-2.2072614781103956,Unlikely manipulator,
ALKEM.NS,2026,0.35585831819812896,0.558727387621407,0.14309702931590473,2.1183346515349384,7.341745272140077,1.0,1.0,0.0,0.0,0.0,0.0,1.0,1.0,0.0,Safe,4.0,9,Average,1.064340493499225,0.9663948973407097,1.1817049234401924,1.134929423911057,1.059505454286011,1.0781995284317194,1.0451480610263155,0.016230081296528486,-2.1902144622028303,Unlikely manipulator,
AUROPHARMA.NS,2025,0.25068047645705116,0.607043651929488,0.11060928629664736,1.9053123927823716,6.367298647183347,1.0,1.0,0.0,1.0,1.0,0.0,1.0,1.0,0.0,Safe,6.0,9,Average,1.0912645690518061,0.9587475470861377,0.9802750432937414,1.093143235381212,1.0155146189695,1.0,1.0259548829494198,-0.008812699897177798,-2.3906406965220075,Unlikely manipulator,sgai neutral (1.0)
AUROPHARMA.NS,2026,0.25075557052176717,0.5726075024593112,0.09340101175768753,1.8376422329715694,6.068836144271955,1.0,1.0,0.0,1.0,1.0,0.0,1.0,1.0,0.0,Safe,6.0,9,Average,1.1604663819595822,0.9845039994459149,0.996618690209927,1.0639493175660881,1.0162699188121007,1.0,0.9870864195122784,-0.03455633681839043,-2.4404713932663524,Unlikely manipulator,sgai neutral (1.0)
BIOCON.NS,2025,0.03320560637988482,0.3224484797771326,0.04718413940776192,0.6962888614371011,2.317191543254613,1.0,1.0,0.0,1.0,1.0,1.0,1.0,1.0,0.0,Grey,7.0,9,Average,0.8306846976233424,0.9995327976517157,0.9609414120743407,1.0603277025599123,1.0323848958507902,1.3539832174101845,0.9013130001381788,-0.05183741430303772,-2.8654215828057525,Unlikely manipulator,
BIOCON.NS,2026,0.04886992424266226,0.21982510769733515,0.022194606178103586,1.2590800285618096,2.508398337631933,1.0,1.0,0.0,1.0,1.0,1.0,0.0,1.0,1.0,Grey,7.0,9,Average,0.9785863931359435,0.9909942743147901,1.0143065210172364,1.114780563638538,0.9408582304258859,0.9684056070228678,0.8572934431458173,-0.02526920406092009,-2.4692280738388663,Unlikely manipulator,
CIPLA.NS,2025,0.47622277666271523,0.6859136214046364,0.1836152313742944,5.11553366055571,11.965304519105281,1.0,1.0,1.0,0.0,0.0,1.0,1.0,1.0,0.0,Safe,6.0,9,Average,1.0819842874688164,0.9729610103080175,0.9105539338010971,1.0667581522582754,1.0241354104047593,0.9950192047733544,0.9168451962286631,0.00715595564666261,-2.331132374736538,Unlikely manipulator,
CIPLA.NS,2026,0.40317790059200886,0.6639686859792384,0.1240554988966015,4.317085311206233,10.175977473527603,1.0,1.0,0.0,1.0,0.0,0.0,1.0,0.0,0.0,Safe,4.0,9,Average,0.9997882363065813,1.0281400468443633,1.233579550024884,1.0208613614092994,1.0815219839768615,1.0230599827092117,1.1415247745195887,-0.0014304882485355077,-2.399925549928421,Unlikely manipulator,
DIVISLAB.NS,2025,0.5096267422631703,0.791400897708481,0.17233640444129458,7.625573102394294,15.088070751135554,1.0,1.0,1.0,0.0,0.0,0.0,1.0,1.0,1.0,Safe,6.0,9,Average,1.058999935338503,0.9926422349189388,0.8576021878926782,1.1961262185736274,1.1108351752055035,1.0848975621921566,1.0384708231834443,0.031774155445310655,-2.1779541099758553,Unlikely manipulator,
DIVISLAB.NS,2026,0.45190435780961413,0.7672340637947387,0.1702690560575051,5.122555012224939,11.988566454744536,1.0,1.0,1.0,1.0,0.0,0.0,1.0,1.0,1.0,Safe,7.0,9,Average,0.9725914992668986,0.9892364117910536,0.9280686866669999,1.12343163538874,1.1289702795607337,1.0081757107216223,1.1900213548743475,-0.008485998103129836,-2.5182758353316435,Unlikely manipulator,
DRREDDY.NS,2025,0.2428451750444736,0.640568045128796,0.16149041865031472,2.1395301078788114,7.013038402014487,1.0,1.0,0.0,0.0,1.0,0.0,1.0,0.0,0.0,Safe,4.0,9,Average,0.9656538984186467,1.0018653377557376,1.8226931949969767,1.1661066613173618,1.0815072659416443,1.0427149870618198,1.05652810488993,0.020519727620697408,-1.950524849399058,Unlikely manipulator,
DRREDDY.NS,2026,0.2320012565893266,0.6075540350671275,0.10107086266238138,1.8958464269014375,6.17238934288253,1.0,1.0,0.0,1.0,0.0,0.0,1.0,0.0,0.0,Safe,4.0,9,Average,1.084782224209765,1.1085754094789269,0.9466681292983725,1.0319412659161074,0.9840894119107406,1.1021456002444538,1.1399541740856884,-0.02400120135463091,-2.515192401025082,Unlikely manipulator,
GLAND.NS,2025,0.4648668320130566,0.6375877066384438,0.09800132205842002,4.411741223877013,10.418959510950424,1.0,1.0,0.0,1.0,1.0,1.0,1.0,1.0,0.0,Safe,7.0,9,Average,0.9830786106194978,0.9827307639341113,0.3873412682635088,0.9897006805711438,0.9415522154739959,0.839221312754549,1.0366304459593938,-0.01926107268470511,-2.842555231359664,Unlikely manipulator,
GLAND.NS,2026,0.47306001959259675,0.6304628591123479,0.11942739612854379,4.811166158359569,11.012859217495048,1.0,1.0,1.0,1.0,1.0,1.0,1.0,1.0,1.0,Safe,9.0,9,Strong,1.0875941242793823,0.962939878226168,0.9807227047379451,1.1467283088086486,1.003463521916355,0.8304524578372242,0.9167809680263307,-0.0003253976069407855,-2.2406369554632146,Unlikely manipulator,
GLENMARK.NS,2025,0.20738526441295502,0.5482108100947852,0.10008215804626097,1.229006411235689,5.110623409326331,1.0,0.0,1.0,0.0,0.0,1.0,1.0,1.0,1.0,Safe,6.0,9,Average,1.591668990482855,0.9099911847464249,0.76255512777987,1.1298084063056917,1.2619817522205676,1.051752003327575,0.9962970173893759,0.11680648571293632,-1.3943528342643905,Likely manipulator,
GLENMARK.NS,2026,0.24730327836078547,0.4963688240774656,0.11018106602633049,1.1187756642847875,5.155603083735258,1.0,1.0,1.0,1.0,1.0,1.0,1.0,1.0,1.0,Safe,9.0,9,Strong,1.1682908914662395,0.9194846200709358,1.199453932124391,1.2712316660576017,0.9527599046093591,0.9184390566762705,0.7933390970224857,-0.10464084666792177,-2.4586070007557717,Unlikely manipulator,
IPCALAB.NS,2025,0.3301138127043378,0.47032919378770555,0.10335060860248883,2.0604605785996415,6.556819480426725,1.0,1.0,1.0,1.0,1.0,1.0,1.0,1.0,0.0,Safe,8.0,9,Strong,0.9617176957884397,0.960175594571019,0.7947249763097709,1.1616535977466445,0.9170369555141921,1.0415078251613326,0.9418235577225397,-0.04962693071327447,-2.704843914548281,Unlikely manipulator,
IPCALAB.NS,2026,0.32901111462313837,0.5358446394113591,0.13324370927204837,2.833254278616929,7.7754811552647585,1.0,1.0,1.0,1.0,1.0,1.0,1.0,1.0,1.0,Safe,9.0,9,Strong,0.989915309732752,0.9719584660104396,0.9416580893462939,1.0799516635421138,1.0489037439463689,0.9889252555033268,0.7840966670506463,-6.871357675186367e-05,-2.3785294273608106,Unlikely manipulator,
LAURUSLABS.NS,2025,0.08490108263341177,0.3884594084774684,0.07400512234389545,0.944963606976474,3.312854983188003,1.0,1.0,1.0,1.0,1.0,0.0,1.0,1.0,1.0,Safe,8.0,9,Strong,1.0961098143409114,0.9284047660543363,1.223828004231849,1.1011755767923546,0.9574798284844853,1.1347892687248446,0.961524931003914,-0.02606482517939451,-2.3861556695188484,Unlikely manipulator,
LAURUSLABS.NS,2026,0.11357229771319899,0.4213557170976835,0.12776193751611378,1.043353813021302,4.072735634517685,1.0,1.0,1.0,1.0,1.0,1.0,1.0,1.0,1.0,Safe,9.0,9,Strong,0.8798068209958378,0.9152912609128903,1.0373723126577008,1.2202979015443385,1.0117084599064534,0.792734522584169,0.9011998288887598,-0.06989788977270889,-2.6814482317189254,Unlikely manipulator,
LUPIN.NS,2025,0.2683520699280395,0.48178831756884466,0.1467402023223516,1.4443941621405596,5.8337275238561626,1.0,1.0,1.0,0.0,0.0,1.0,1.0,1.0,1.0,Safe,7.0,9,Average,1.0377077619619253,0.958415749247543,1.118821233210249,1.1290051962878136,1.0273803975230174,0.9528758174084493,1.0368420573378982,0.00964496344446544,-2.2598533937586005,Unlikely manipulator,
LUPIN.NS,2026,0.29652522896621725,0.4899487369030437,0.18988876009616099,1.416164189292343,6.305463250925468,1.0,1.0,1.0,1.0,1.0,1.0,1.0,1.0,1.0,Safe,9.0,9,Strong,0.9699293358088404,0.9419752217097905,0.9057721828124335,1.238617688899343,0.9563010347398911,1.03587510277632,1.0143589963852842,-0.052174348224663054,-2.6235382194822856,Unlikely manipulator,
MANKIND.NS,2025,0.047720908819421655,0.4289453027482814,0.10580942832965831,1.086499107369602,3.5632742699281894,1.0,1.0,0.0,1.0,0.0,0.0,0.0,1.0,0.0,Safe,4.0,9,Average,1.5240731527752176,0.9644992327929255,3.393318661272756,1.189891308267921,0.6659670690701162,1.1706890717183034,2.2485945395954166,-0.015217116428123966,-1.4275769280103339,Likely manipulator,
MANKIND.NS,2026,0.01591728921388641,0.4916125732873734,0.10563139767652806,1.415146790201485,3.9028215282577596,1.0,1.0,0.0,1.0,1.0,0.0,1.0,1.0,0.0,Safe,6.0,9,Average,0.9612556727087243,0.9975434814994001,0.9829190165162955,1.16958510547666,0.8310310853454603,0.9350600003048054,0.8241623589642237,-0.04303348382255686,-2.5246891335432693,Unlikely manipulator,
PPLPHARMA.NS,2025,0.1295301127277853,0.0669312056253544,0.05310573882848066,1.075911134886628,2.554490526391276,1.0,1.0,1.0,1.0,0.0,1.0,1.0,1.0,1.0,Grey,8.0,9,Strong,0.9848036846141277,0.9871789276626984,0.9428381667192366,1.1177574289975465,0.9534377056353445,0.9555353459303634,0.9948094571371958,-0.05110287997070978,-2.6539237015474857,Unlikely manipulator,
PPLPHARMA.NS,2026,0.13545085343533886,0.038515360945480775,0.009033656479473465,0.8327106979705011,1.949170079629178,0.0,1.0,0.0,1.0,0.0,0.0,1.0,0.0,0.0,Grey,3.0,9,Weak,0.9500280014229316,1.0252413574368773,0.921977016707409,0.9666504800794614,1.0885691223376877,1.1132503019446216,1.1324494883595027,-0.11013223460676959,-3.1418291702678323,Unlikely manipulator,
SAILIFE.NS,2025,0.24431237588904975,0.22927364931684588,0.09616120380699215,2.063119171788062,5.162599702565537,1.0,1.0,1.0,1.0,1.0,1.0,1.0,1.0,1.0,Safe,9.0,9,Strong,1.2147914056744964,0.8985599890277627,0.6256097531646412,1.1400111227831675,1.0793010690502574,0.8675720516679335,0.5184905427685891,-0.045542448911779373,-2.3860582666613532,Unlikely manipulator,
SAILIFE.NS,2026,0.159081557799754,0.296424572686107,0.13938540707198288,2.1739976821783324,5.229286627934069,1.0,1.0,1.0,1.0,0.0,0.0,0.0,1.0,0.0,Safe,5.0,9,Average,0.8182994785058739,0.9454518776561912,1.714875570560135,1.286940674250418,1.088392735505422,1.2829969720080199,1.016220132430034,-0.04418555268136364,-2.381763575337437,Unlikely manipulator,
SUNPHARMA.NS,2025,0.37383325924766164,0.6282462064842588,0.15182846839835318,3.6818446231205995,9.386652975716906,1.0,1.0,1.0,1.0,0.0,1.0,1.0,1.0,1.0,Safe,8.0,9,Strong,1.0642786218071087,0.9760436099709299,0.8509128231547939,1.0896762771823625,0.9939454657281804,1.0255344822107486,0.9945144702128409,-0.034126278032125305,-2.576723911125026,Unlikely manipulator,
SUNPHARMA.NS,2026,0.3793635753092194,0.6375372500051019,0.14209457865691683,3.355490036730872,9.045136596187008,1.0,1.0,0.0,1.0,0.0,0.0,1.0,1.0,1.0,Safe,6.0,9,Average,1.0626646143454093,0.9895091518500354,0.9757073408676509,1.1187300458770686,0.9709453034063223,0.9960070109854042,1.0539756951345967,-0.00863867352568667,-2.392519657725992,Unlikely manipulator,
TORNTPHARM.NS,2025,0.06039998025315984,0.31825902250472654,0.19507943433308383,1.025900622377197,3.821877736040517,1.0,1.0,1.0,1.0,1.0,1.0,1.0,1.0,1.0,Safe,9.0,9,Strong,0.9445018089057774,0.9878458879997224,0.9440712317274567,1.071474895169712,1.0622973583870838,0.9808565946153923,0.8446208160600759,-0.04495474904834908,-2.6453927385417595,Unlikely manipulator,
TORNTPHARM.NS,2026,0.023663137446414004,0.12739337190230357,0.07349889284969566,0.3138544991549785,1.3939923581126679,1.0,1.0,1.0,1.0,0.0,0.0,1.0,0.0,1.0,Grey,6.0,9,Average,1.3362671692516686,1.0019368135268736,1.8151916852848748,1.2152236629923348,0.9931827402486637,0.9847521914731417,1.1446536778011918,-0.019392958469902938,-1.784497385628473,Unlikely manipulator,
WOCKPHARMA.NS,2025,0.06478180700676091,0.0231100184388445,0.028887523048555623,1.2515813686026451,2.008591905994056,0.0,0.0,1.0,1.0,0.0,1.0,0.0,1.0,1.0,Grey,5.0,9,Average,1.0233470443582187,0.9584863599655522,0.9934408415034738,1.045177482968806,0.9940823036759359,1.0566127227981206,0.8307060678588205,-0.003073140749846343,-2.412229539509958,Unlikely manipulator,
WOCKPHARMA.NS,2026,0.12478235635519443,0.05374347069065583,0.051770168311085316,1.4817036592681463,2.89746034542366,1.0,1.0,1.0,1.0,0.0,1.0,1.0,1.0,1.0,Safe,8.0,9,Strong,0.781751915703133,0.925901818964449,1.0269257589708458,1.1379073756432247,0.983559930174957,0.951463351524834,0.9114815040145986,-0.020545560069645967,-2.646750123312709,Unlikely manipulator,
ZYDUSLIFE.NS,2025,0.21516489837829988,0.6602278928113501,0.1645139872640229,2.209023083378676,6.988832895888493,1.0,1.0,1.0,1.0,1.0,0.0,1.0,1.0,1.0,Safe,8.0,9,Strong,0.6593617408292625,0.934121124874655,0.9239352554504171,1.1867518334516205,0.9050662886721842,1.1103849918324158,1.3322007938971037,-0.060631637801498335,-3.1145474541378846,Unlikely manipulator,
ZYDUSLIFE.NS,2026,0.08003190437845613,0.5435937458259075,0.13330572866776322,1.1878253097562257,4.440155976006536,1.0,1.0,0.0,0.0,0.0,0.0,1.0,1.0,0.0,Safe,4.0,9,Average,1.1201002562631237,0.9878518501171187,1.2269362148940859,1.1836598180191196,0.9314703929373971,1.1839333273031982,1.4838534740668379,0.055783050226498196,-2.0571438300042426,Unlikely manipulator,
