field,FY2024,FY2025,FY2026
revenue,25446.63,27145.4,27711.69
gross_profit,15854.25,17382.66,17259.6
ebit,5773.03,6864.83,5271.86
net_income,4121.55,5272.52,3879.23
sga,2783.96,2955.02,3086.23
depreciation,941.61,995.45,1083.62
total_assets,32717.82,37387.04,42495.98
current_assets,19441.41,23288.52,24147.03
current_liabilities,5245.77,5483.96,7013.59
retained_earnings,21438.78,25644.28,28216
total_equity,26706.43,31193.45,34431.95
total_liabilities,5915.49,6097.79,7975.74
receivables,4770.66,5506.37,5620.05
net_ppe,6171.11,6705.45,7982.77
long_term_debt,0,11.98,117.47
shares_outstanding,807367062,807617120,807782631
operating_cash_flow,4133.91,5004.98,3940.02
